{
    "r2_score": 0.6832908704732044,
    "mean_squared_error": 0.635652116907759,
    "mean_absolute_error": 0.5739166629833559
}