{
    "r2_score": 0.673183804807522,
    "mean_squared_error": 0.6559375368314468,
    "mean_absolute_error": 0.5885518734299263
}